dealer_id,name,geo_id,channel
DLR_SE_001,Stockholm Central Studio,GEO_SE,Direct_Brand_Studio
DLR_SE_002,Gothenburg Nordic Bilia,GEO_SE,Franchised_Retailer
DLR_NO_001,Oslo Fjord Mobility,GEO_NO,Direct_Brand_Studio
DLR_NO_002,Bergen EV Center,GEO_NO,Franchised_Retailer
DLR_DE_001,Berlin Brand Experience,GEO_DE,Direct_Brand_Studio
DLR_DE_002,Munich Premium Autohaus,GEO_DE,Franchised_Retailer
DLR_IT_001,Milan Design District Auto,GEO_IT,Franchised_Retailer
DLR_IT_002,Rome Metropolitan Retail,GEO_IT,Franchised_Retailer
DLR_NL_001,Amsterdam Canal Mobility,GEO_NL,Care_Subscription_Hub
DLR_NL_002,Rotterdam Port Auto,GEO_NL,Franchised_Retailer
DLR_UK_001,London Mayfair Studio,GEO_UK,Direct_Brand_Studio
DLR_US_001,New York Manhattan Hub,GEO_US,Direct_Brand_Studio
